{
  "c0": -0.044694344982567316,
  "c1_0": -0.036760280188860364,
  "c2_d0000_0_00": 0.028365593640293868,
  "c2_d0001_0_00": 0.012774453319172159,
  "c2_d0002_0_00": 0.016502289578162445,
  "c2_d0003_0_00": -0.00020165173193242847,
  "c2_d0004_0_00": -0.00029953715444905327,
  "c2_d0005_0_00": 0.0026999896575558256,
  "c2_d0006_0_00": -0.004153158687561914,
  "c3_d0000_0_000": 0.011132794705536506,
  "c3_d0001_0_000": 0.0002798331408977728,
  "c3_d0002_0_000": 0.004994757813666845,
  "c3_d0003_0_000": 0.00030487658415499774,
  "c3_d0003_1_000": 0.0038596820293412826,
  "c3_d0003_2_000": 0.0006187226728685338,
  "c3_d0004_0_000": -0.0007703548870815757,
  "c3_d0004_1_000": 0.0035279287696687103,
  "c3_d0005_0_000": 0.0007980510885305103,
  "c3_d0005_1_000": 1.80959434511567e-05,
  "c3_d0006_0_000": 0.0006091473294411037,
  "c3_d0007_0_000": 0.0018382501865893824,
  "c3_d0007_1_000": 0.003634760485807853,
  "c3_d0007_2_000": 0.0020967038556457263,
  "c3_d0008_0_000": -0.002165901057926939,
  "c3_d0008_1_000": 0.005268520183193889,
  "c3_d0009_0_000": 0.0010507269947480566,
  "c3_d0010_0_000": 0.002857458419178477,
  "c3_d0011_0_000": -0.0004193277189504102,
  "c3_d0012_0_000": 8.514718500585161e-05,
  "c4_d0000_0_0000": -0.0003472215684832275,
  "c4_d0001_0_0000": -0.0023146432904512515,
  "c4_d0002_0_0000": 0.0007341234934833407,
  "c4_d0003_0_0000": 0.001337838571947414,
  "c4_d0003_1_0000": -0.001091290362978092,
  "c4_d0004_0_0000": -0.0023228319832580002,
  "c4_d0005_0_0000": -0.000732761454015074,
  "c4_d0005_1_0000": -0.0005983600152801305,
  "c4_d0006_0_0000": -0.0008247609568408087,
  "c4_d0006_1_0000": -0.0018902934350248923,
  "c4_d0006_2_0000": 0.001579571303683025,
  "c4_d0007_0_0000": 0.0019773507302402876,
  "c4_d0008_0_0000": -0.0019705837692306494,
  "c4_d0009_0_0000": 0.0014047768282920425,
  "c4_d0010_0_0000": -0.0031178749979788867,
  "c4_d0011_0_0000": 0.0014643507786292476
}