{
  "c0": 0.006100279787831659,
  "c1_0": -0.0031900811734577247,
  "c2_d0000_0_00": 0.017232296461428938,
  "c2_d0001_0_00": -0.016839573363374966,
  "c2_d0002_0_00": -0.005192441582986464,
  "c2_d0003_0_00": -0.00042240992321274096,
  "c3_d0000_0_000": -0.00770642159861723,
  "c3_d0001_0_000": 0.008232628244981447,
  "c4_d0000_0_0000": -0.0003380467088204115,
  "c4_d0001_0_0000": -0.015681090820390833,
  "c4_d0002_0_0000": 0.015097011177476766
}