{
  "c0": -0.044690785812717196,
  "c1_0": -0.036550894703191145,
  "c2_d0000_0_00": 0.027999774592412596,
  "c2_d0001_0_00": 0.012756278103062423,
  "c2_d0002_0_00": 0.016272362601737284,
  "c2_d0003_0_00": -0.00012709442165610707,
  "c2_d0004_0_00": -0.00021867027237829073,
  "c2_d0005_0_00": 0.002706525627772332,
  "c2_d0006_0_00": -0.003937914296133244,
  "c3_d0000_0_000": 0.01080659385192681,
  "c3_d0001_0_000": 0.0002583486959874537,
  "c3_d0002_0_000": 0.005009506051704027,
  "c3_d0003_0_000": 0.0003345994746677683,
  "c3_d0003_1_000": 0.003964559117400637,
  "c3_d0003_2_000": 0.0005653006830542463,
  "c3_d0004_0_000": -0.0007738774287809891,
  "c3_d0004_1_000": 0.0034652911938237822,
  "c3_d0005_0_000": 0.00091396918756248,
  "c3_d0005_1_000": 1.9546090260235544e-05,
  "c3_d0006_0_000": 0.000580597715878553,
  "c3_d0007_0_000": 0.0019192839101572629,
  "c3_d0007_1_000": 0.003615453449340139,
  "c3_d0007_2_000": 0.0017477867035675665,
  "c3_d0008_0_000": -0.001670475735032817,
  "c3_d0008_1_000": 0.004936115099598723,
  "c3_d0009_0_000": 0.001117657498832263,
  "c3_d0010_0_000": 0.0027670850272093206,
  "c3_d0011_0_000": -0.0004167213740696035,
  "c3_d0012_0_000": 0.00014055874200276375,
  "c4_d0000_0_0000": -0.00036868880542648835,
  "c4_d0001_0_0000": -0.0022680115528678213,
  "c4_d0002_0_0000": 0.0008027660009629067,
  "c4_d0003_0_0000": 0.001366829456254659,
  "c4_d0003_1_0000": -0.001090770790386806,
  "c4_d0004_0_0000": -0.002268541835360488,
  "c4_d0005_0_0000": -0.0007037871536966223,
  "c4_d0005_1_0000": -0.0006011959395416655,
  "c4_d0006_0_0000": -0.0006879938395182861,
  "c4_d0006_1_0000": -0.0018500718367346902,
  "c4_d0006_2_0000": 0.0015697622958148472,
  "c4_d0007_0_0000": 0.002001996882912735,
  "c4_d0008_0_0000": -0.0017389693417958485,
  "c4_d0009_0_0000": 0.0012895133154877253,
  "c4_d0010_0_0000": -0.0031832873799605976,
  "c4_d0011_0_0000": 0.0014024115459465025
}