{
  "c0": -4.098064603361202,
  "c1_0": 0.23015693158426132,
  "c2_d0000_0_00": 0.02390879322753392,
  "c2_d0001_0_00": -0.01522083569204824,
  "c2_d0002_0_00": -0.012484654243820614,
  "c2_d0003_0_00": -0.002229709444584671,
  "c3_d0000_0_000": -0.006735489697448305,
  "c3_d0001_0_000": 0.013325549674044979,
  "c4_d0000_0_0000": -0.0004642911605365896,
  "c4_d0001_0_0000": -0.017991409615163434,
  "c4_d0002_0_0000": 0.018042817165595082
}